{
    "vendor": "",
    "model": "POS-5890",
    
    "media": {
        "dpi": 203,
        "width": 58
    },

    "capabilities": {
        "language": "esc-pos",
        "codepages": "pos-5890",
        "fonts": {
            "A": {
                "size": "12x24",
                "columns": 32
            },
            "B": {
                "size": "9x17",
                "columns": 42
            }
        },

        "barcodes": {
            "supported": true,
            "symbologies": [
                "upca", "ean13", "ean8", "code39", "itf", "codabar", "code93", 
                "code128"
            ]
        },
        "qrcode": {
            "supported": true,
            "models": ["2"]
        },
        "pdf417": {
            "supported": true
        },
        
        "images": {
            "mode": "raster"
        },
        
        "cutter": {
            "feed": 1
        }
    }
}